{"cameraMode":{"drawMode":0,"name":"Shaded","section":"Shading Mode"},"sceneLighting":false,"audioPlay":false,"sceneViewState":{"showFog":true,"showMaterialUpdate":false,"showSkybox":false,"showFlares":true,"showImageEffects":true,"showParticleSystems":true},"in2DMode":false,"pivot":{"x":21.55670928955078,"y":2.050791025161743,"z":-19.73760986328125},"rotation":{"x":-0.11246006935834885,"y":-0.5654371976852417,"z":0.07818271219730377,"w":-0.8133394718170166},"size":0.49661213159561159,"orthographic":false}