{"cameraMode":{"drawMode":0,"name":"Shaded","section":"Shading Mode"},"sceneLighting":false,"audioPlay":false,"sceneViewState":{"showFog":true,"showMaterialUpdate":false,"showSkybox":false,"showFlares":true,"showImageEffects":true,"showParticleSystems":true},"in2DMode":false,"pivot":{"x":21.540000915527345,"y":17.355079650878908,"z":-16.209999084472658},"rotation":{"x":0.12375131249427796,"y":-0.3066147267818451,"z":0.040241919457912448,"w":0.9428964257240295},"size":16.927457809448243,"orthographic":false}