{"cameraMode":{"drawMode":0,"name":"Shaded","section":"Shading Mode"},"sceneLighting":false,"audioPlay":false,"sceneViewState":{"showFog":true,"showMaterialUpdate":false,"showSkybox":false,"showFlares":true,"showImageEffects":true,"showParticleSystems":true},"in2DMode":false,"pivot":{"x":13.7914457321167,"y":12.540820121765137,"z":-13.928077697753907},"rotation":{"x":-0.18197323381900788,"y":-0.008849808014929295,"z":0.0016378044383600355,"w":-0.983262300491333},"size":18.49265480041504,"orthographic":false}