{"cameraMode":{"drawMode":0,"name":"Shaded","section":"Shading Mode"},"sceneLighting":false,"audioPlay":false,"sceneViewState":{"showFog":true,"showMaterialUpdate":false,"showSkybox":false,"showFlares":true,"showImageEffects":true,"showParticleSystems":true},"in2DMode":false,"pivot":{"x":16.698457717895509,"y":10.946208953857422,"z":-19.576644897460939},"rotation":{"x":-0.07841624319553375,"y":-0.851762056350708,"z":0.13343824446201325,"w":-0.5005462169647217},"size":1.170304775238037,"orthographic":false}