{"cameraMode":{"drawMode":0,"name":"Shaded","section":"Shading Mode"},"sceneLighting":true,"audioPlay":false,"sceneViewState":{"showFog":true,"showMaterialUpdate":false,"showSkybox":false,"showFlares":true,"showImageEffects":true,"showParticleSystems":true},"in2DMode":false,"pivot":{"x":0.005340286530554295,"y":0.03410561382770538,"z":-0.06343603134155274},"rotation":{"x":-0.01112547516822815,"y":-0.888801097869873,"z":0.45764845609664919,"w":-0.02160683088004589},"size":0.01839137077331543,"orthographic":false}