{"cameraMode":{"drawMode":0,"name":"Shaded","section":"Shading Mode"},"sceneLighting":true,"audioPlay":false,"sceneViewState":{"showFog":true,"showMaterialUpdate":false,"showSkybox":false,"showFlares":true,"showImageEffects":true,"showParticleSystems":true},"in2DMode":false,"pivot":{"x":19.044116973876954,"y":-7.080096244812012,"z":-36.33062744140625},"rotation":{"x":-0.20823313295841218,"y":-0.12402508407831192,"z":0.02662939764559269,"w":-0.9698183536529541},"size":5.469437122344971,"orthographic":false}