{"cameraMode":{"drawMode":0,"name":"Shaded","section":"Shading Mode"},"sceneLighting":false,"audioPlay":false,"sceneViewState":{"showFog":true,"showMaterialUpdate":false,"showSkybox":false,"showFlares":true,"showImageEffects":true,"showParticleSystems":true},"in2DMode":false,"pivot":{"x":15.80000114440918,"y":-9.479999542236329,"z":-28.350000381469728},"rotation":{"x":-0.11428593844175339,"y":0.4916890561580658,"z":-0.06528259068727493,"w":-0.8607664108276367},"size":8.541875839233399,"orthographic":false}