{"cameraMode":{"drawMode":0,"name":"Shaded","section":"Shading Mode"},"sceneLighting":false,"audioPlay":false,"sceneViewState":{"showFog":true,"showMaterialUpdate":false,"showSkybox":false,"showFlares":true,"showImageEffects":true,"showParticleSystems":true},"in2DMode":false,"pivot":{"x":216.5682373046875,"y":145.39810180664063,"z":-33.82177734375},"rotation":{"x":-0.009886021725833416,"y":-0.04947753623127937,"z":0.0004897441249340773,"w":-0.9987262487411499},"size":771.1068115234375,"orthographic":false}