{"cameraMode":{"drawMode":0,"name":"Shaded","section":"Shading Mode"},"sceneLighting":false,"audioPlay":false,"sceneViewState":{"showFog":true,"showMaterialUpdate":false,"showSkybox":false,"showFlares":true,"showImageEffects":true,"showParticleSystems":true},"in2DMode":false,"pivot":{"x":19.501529693603517,"y":6.031276226043701,"z":-16.71782875061035},"rotation":{"x":0.13073989748954774,"y":-0.6632829904556274,"z":0.11925739049911499,"w":0.7271454930305481},"size":4.485073566436768,"orthographic":false}