{"cameraMode":{"drawMode":0,"name":"Shaded","section":"Shading Mode"},"sceneLighting":false,"audioPlay":false,"sceneViewState":{"showFog":true,"showMaterialUpdate":false,"showSkybox":false,"showFlares":true,"showImageEffects":true,"showParticleSystems":true},"in2DMode":false,"pivot":{"x":28.15999984741211,"y":-6.586867809295654,"z":-40.84981155395508},"rotation":{"x":0.21704906225204469,"y":-0.46085435152053835,"z":0.11733665317296982,"w":0.8524876236915588},"size":11.377439498901368,"orthographic":false}